url,source,status_code,final_url,crawl_error
https://engineerwala.com/,Sitemap,200,https://engineerwala.com/,
https://engineerwala.com/about-us/,WordPress Page,200,https://engineerwala.com/about-us/,
https://engineerwala.com/airbag-warning-light/,WordPress Post,200,https://engineerwala.com/airbag-warning-light/,
https://engineerwala.com/alternator-overcharging/,WordPress Post,200,https://engineerwala.com/alternator-overcharging/,
https://engineerwala.com/bad-fuel-pressure-regulator-symptoms/,WordPress Post,200,https://engineerwala.com/bad-fuel-pressure-regulator-symptoms/,
https://engineerwala.com/bad-fuel-pump-symptoms/,WordPress Post,200,https://engineerwala.com/bad-fuel-pump-symptoms/,
https://engineerwala.com/bad-ignition-coil-symptoms/,WordPress Post,200,https://engineerwala.com/bad-ignition-coil-symptoms/,
https://engineerwala.com/bad-rear-differential-symptoms/,WordPress Post,200,https://engineerwala.com/bad-rear-differential-symptoms/,
https://engineerwala.com/bad-spark-plug-symptoms/,WordPress Post,200,https://engineerwala.com/bad-spark-plug-symptoms/,
https://engineerwala.com/bad-wheel-bearing-symptoms/,WordPress Post,200,https://engineerwala.com/bad-wheel-bearing-symptoms/,
https://engineerwala.com/bank-1-vs-bank-2-meaning/,WordPress Post,200,https://engineerwala.com/bank-1-vs-bank-2-meaning/,
https://engineerwala.com/basic-car-door-parts/,WordPress Post,200,https://engineerwala.com/basic-car-door-parts/,
https://engineerwala.com/basic-car-interior-parts-name/,WordPress Post,200,https://engineerwala.com/basic-car-interior-parts-name/,
https://engineerwala.com/battery-dead-symptoms/,WordPress Post,200,https://engineerwala.com/battery-dead-symptoms/,
https://engineerwala.com/battery-saver-active/,WordPress Post,200,https://engineerwala.com/battery-saver-active/,
https://engineerwala.com/black-smoke-from-exhaust/,WordPress Post,200,https://engineerwala.com/black-smoke-from-exhaust/,
https://engineerwala.com/blown-head-gasket-symptoms/,WordPress Post,200,https://engineerwala.com/blown-head-gasket-symptoms/,
https://engineerwala.com/blue-smoke-from-exhaust/,WordPress Post,200,https://engineerwala.com/blue-smoke-from-exhaust/,
https://engineerwala.com/brake-pedal-hard-causes/,WordPress Post,200,https://engineerwala.com/brake-pedal-hard-causes/,
https://engineerwala.com/brake-pedal-soft-causes/,WordPress Post,200,https://engineerwala.com/brake-pedal-soft-causes/,
https://engineerwala.com/camshaft-position-sensor-symptoms/,WordPress Post,200,https://engineerwala.com/camshaft-position-sensor-symptoms/,
https://engineerwala.com/car-body-parts/,WordPress Post,200,https://engineerwala.com/car-body-parts/,
https://engineerwala.com/car-engine-parts/,WordPress Post,200,https://engineerwala.com/car-engine-parts/,
https://engineerwala.com/car-key-stuck-in-ignition/,WordPress Post,200,https://engineerwala.com/car-key-stuck-in-ignition/,
https://engineerwala.com/car-not-starting/,WordPress Post,200,https://engineerwala.com/car-not-starting/,
https://engineerwala.com/car-overheating-at-idle/,WordPress Post,200,https://engineerwala.com/car-overheating-at-idle/,
https://engineerwala.com/car-pulling-to-one-side/,WordPress Post,200,https://engineerwala.com/car-pulling-to-one-side/,
https://engineerwala.com/car-shakes-at-idle/,WordPress Post,200,https://engineerwala.com/car-shakes-at-idle/,
https://engineerwala.com/car-squeaks-when-reversing/,WordPress Post,200,https://engineerwala.com/car-squeaks-when-reversing/,
https://engineerwala.com/car-wheel-parts/,WordPress Post,200,https://engineerwala.com/car-wheel-parts/,
https://engineerwala.com/category/automobile/,Sitemap,200,https://engineerwala.com/category/automobile/,
https://engineerwala.com/category/home-page/,Sitemap,200,https://engineerwala.com/category/home-page/,
https://engineerwala.com/category/materials/,Sitemap,200,https://engineerwala.com/category/materials/,
https://engineerwala.com/category/tools/,Sitemap,200,https://engineerwala.com/category/tools/,
https://engineerwala.com/contact-us/,WordPress Page,200,https://engineerwala.com/contact-us/,
https://engineerwala.com/coolant-disappearing-no-leak/,WordPress Post,200,https://engineerwala.com/coolant-disappearing-no-leak/,
https://engineerwala.com/crankshaft-position-sensor/,WordPress Post,200,https://engineerwala.com/crankshaft-position-sensor/,
https://engineerwala.com/cv-joint-noise-when-driving-straight/,WordPress Post,200,https://engineerwala.com/cv-joint-noise-when-driving-straight/,
https://engineerwala.com/disclaimer/,WordPress Page,200,https://engineerwala.com/disclaimer/,
https://engineerwala.com/engine-knocking-when-accelerating/,WordPress Post,200,https://engineerwala.com/engine-knocking-when-accelerating/,
https://engineerwala.com/engine-misfire-symptoms/,WordPress Post,200,https://engineerwala.com/engine-misfire-symptoms/,
https://engineerwala.com/engine-overheating-causes/,WordPress Post,200,https://engineerwala.com/engine-overheating-causes/,
https://engineerwala.com/flashing-check-engine-light/,WordPress Post,200,https://engineerwala.com/flashing-check-engine-light/,
https://engineerwala.com/how-to-find-car-mileage/,WordPress Post,200,https://engineerwala.com/how-to-find-car-mileage/,
https://engineerwala.com/how-to-get-smoke-smell-out-of-car/,WordPress Post,200,https://engineerwala.com/how-to-get-smoke-smell-out-of-car/,
https://engineerwala.com/how-to-open-a-locked-car-door/,WordPress Post,200,https://engineerwala.com/how-to-open-a-locked-car-door/,
https://engineerwala.com/how-to-stop-car-windows-from-fogging-up/,WordPress Post,200,https://engineerwala.com/how-to-stop-car-windows-from-fogging-up/,
https://engineerwala.com/keyless-remote-battery-low/,WordPress Post,200,https://engineerwala.com/keyless-remote-battery-low/,
https://engineerwala.com/milage-calculator/,WordPress Page,200,https://engineerwala.com/milage-calculator/,
https://engineerwala.com/noise-when-braking-at-low-speed/,WordPress Post,200,https://engineerwala.com/noise-when-braking-at-low-speed/,
https://engineerwala.com/noise-when-turning-steering-wheel/,WordPress Post,200,https://engineerwala.com/noise-when-turning-steering-wheel/,
https://engineerwala.com/oil-in-coolant-reservoir/,WordPress Post,200,https://engineerwala.com/oil-in-coolant-reservoir/,
https://engineerwala.com/oil-in-spark-plug-well/,WordPress Post,200,https://engineerwala.com/oil-in-spark-plug-well/,
https://engineerwala.com/p0420-code-meaning/,WordPress Post,200,https://engineerwala.com/p0420-code-meaning/,
https://engineerwala.com/parts-of-a-car/,WordPress Post,200,https://engineerwala.com/parts-of-a-car/,
https://engineerwala.com/power-steering-fluid-leak/,WordPress Post,200,https://engineerwala.com/power-steering-fluid-leak/,
https://engineerwala.com/privacy-policy/,WordPress Page,200,https://engineerwala.com/privacy-policy/,
https://engineerwala.com/service-battery-charging-system/,WordPress Post,200,https://engineerwala.com/service-battery-charging-system/,
https://engineerwala.com/service-brake-assist/,WordPress Post,200,https://engineerwala.com/service-brake-assist/,
https://engineerwala.com/service-stabilitrak/,WordPress Post,200,https://engineerwala.com/service-stabilitrak/,
https://engineerwala.com/services/,WordPress Page,200,https://engineerwala.com/services/,
https://engineerwala.com/starter-relay-symptoms/,WordPress Post,200,https://engineerwala.com/starter-relay-symptoms/,
https://engineerwala.com/steering-wheel-shaking-while-driving/,WordPress Post,200,https://engineerwala.com/steering-wheel-shaking-while-driving/,
https://engineerwala.com/terms-and-conditions/,WordPress Page,200,https://engineerwala.com/terms-and-conditions/,
https://engineerwala.com/thermostat-stuck-closed-symptoms/,WordPress Post,200,https://engineerwala.com/thermostat-stuck-closed-symptoms/,
https://engineerwala.com/tire-pressure-sensor-fault/,WordPress Post,200,https://engineerwala.com/tire-pressure-sensor-fault/,
https://engineerwala.com/types-of-bolts/,WordPress Post,200,https://engineerwala.com/types-of-bolts/,
https://engineerwala.com/types-of-cars/,WordPress Post,200,https://engineerwala.com/types-of-cars/,
https://engineerwala.com/what-causes-bubbles-in-coolant-reservoir/,WordPress Post,200,https://engineerwala.com/what-causes-bubbles-in-coolant-reservoir/,
https://engineerwala.com/what-does-esp-bas-light-mean/,WordPress Post,200,https://engineerwala.com/what-does-esp-bas-light-mean/,
https://engineerwala.com/what-is-crankshaft/,WordPress Post,200,https://engineerwala.com/what-is-crankshaft/,
https://engineerwala.com/what-is-dielectric-grease/,WordPress Post,200,https://engineerwala.com/what-is-dielectric-grease/,
https://engineerwala.com/what-is-drilling/,WordPress Post,200,https://engineerwala.com/what-is-drilling/,
https://engineerwala.com/what-is-piston/,WordPress Post,200,https://engineerwala.com/what-is-piston/,
https://engineerwala.com/which-side-is-the-brake/,WordPress Post,200,https://engineerwala.com/which-side-is-the-brake/,
https://engineerwala.com/white-smoke-from-exhaust/,WordPress Post,200,https://engineerwala.com/white-smoke-from-exhaust/,
