url,strategy,performance_score,accessibility_score,best_practices_score,seo_score,first_contentful_paint_ms,largest_contentful_paint_ms,interaction_to_next_paint_ms,inp_source,field_data_category,origin_field_data_category,speed_index_ms,total_blocking_time_ms,cumulative_layout_shift,server_response_time_ms,top_opportunities,final_url,lighthouse_version,checked_at,error
https://engineerwala.com/,mobile,100,96,100,100,1006,1612,0,unavailable,UNAVAILABLE,UNAVAILABLE,1162,0,0.0,37,Network dependency tree | Largest Contentful Paint | LCP request discovery | Improve image delivery,https://engineerwala.com/,13.5.0,2026-10-04T09:56:50Z,
https://engineerwala.com/,desktop,99,95,100,100,342,1042,0,unavailable,UNAVAILABLE,UNAVAILABLE,650,0,0.0,39,Network dependency tree | Largest Contentful Paint | LCP request discovery | Improve image delivery | Forced reflow,https://engineerwala.com/,13.5.0,2026-10-04T09:57:11Z,
https://engineerwala.com/basic-car-door-parts/,mobile,100,96,100,100,928,928,0,unavailable,UNAVAILABLE,UNAVAILABLE,928,0,0.0,39,Use efficient cache lifetimes | Network dependency tree,https://engineerwala.com/basic-car-door-parts/,13.5.0,2026-10-04T09:57:27Z,
https://engineerwala.com/basic-car-door-parts/,desktop,100,96,100,100,267,267,0,unavailable,UNAVAILABLE,UNAVAILABLE,780,0,0.0,54,Use efficient cache lifetimes | Speed Index | Network dependency tree,https://engineerwala.com/basic-car-door-parts/,13.5.0,2026-10-04T09:57:37Z,
https://engineerwala.com/bad-wheel-bearing-symptoms/,mobile,100,96,100,100,926,926,0,unavailable,UNAVAILABLE,UNAVAILABLE,1834,0,0.0,41,Use efficient cache lifetimes | Network dependency tree,https://engineerwala.com/bad-wheel-bearing-symptoms/,13.5.0,2026-10-04T09:57:49Z,
https://engineerwala.com/bad-wheel-bearing-symptoms/,desktop,100,95,100,100,275,275,0,unavailable,UNAVAILABLE,UNAVAILABLE,780,0,0.0,37,Use efficient cache lifetimes | Speed Index | Network dependency tree | Forced reflow,https://engineerwala.com/bad-wheel-bearing-symptoms/,13.5.0,2026-10-04T09:58:00Z,
https://engineerwala.com/types-of-cars/,mobile,100,96,100,100,933,942,0,unavailable,UNAVAILABLE,UNAVAILABLE,933,0,0.0,6,Use efficient cache lifetimes | Network dependency tree | Forced reflow,https://engineerwala.com/types-of-cars/,13.5.0,2026-10-04T09:58:22Z,
https://engineerwala.com/types-of-cars/,desktop,100,96,100,100,282,282,0,unavailable,UNAVAILABLE,UNAVAILABLE,757,0,0.0,8,Use efficient cache lifetimes | Speed Index | Network dependency tree | Forced reflow,https://engineerwala.com/types-of-cars/,13.5.0,2026-10-04T09:58:41Z,
https://engineerwala.com/basic-car-interior-parts-name/,mobile,100,96,100,100,942,950,0,unavailable,UNAVAILABLE,UNAVAILABLE,942,0,0.0,6,Use efficient cache lifetimes | Network dependency tree | Forced reflow,https://engineerwala.com/basic-car-interior-parts-name/,13.5.0,2026-10-04T09:58:58Z,
https://engineerwala.com/basic-car-interior-parts-name/,desktop,100,95,100,100,261,261,0,unavailable,UNAVAILABLE,UNAVAILABLE,779,0,0.0,46,Use efficient cache lifetimes | Speed Index | Network dependency tree,https://engineerwala.com/basic-car-interior-parts-name/,13.5.0,2026-10-04T09:59:14Z,
