priority,category,url,issue,recommendation,source,metric,detected_at
high,Content,https://engineerwala.com/,Missing H1 heading,Page ke main topic ko describe karne wali aik clear H1 heading add karo.,SEO Audit,,2026-08-21T04:09:27Z
high,Content,https://engineerwala.com/about-us/,Missing H1 heading,Page ke main topic ko describe karne wali aik clear H1 heading add karo.,SEO Audit,,2026-08-21T04:09:27Z
high,Content,https://engineerwala.com/bad-wheel-bearing-symptoms/,Missing H1 heading,Page ke main topic ko describe karne wali aik clear H1 heading add karo.,SEO Audit,,2026-08-21T04:09:27Z
high,Content,https://engineerwala.com/brake-pedal-soft-causes/,Missing H1 heading,Page ke main topic ko describe karne wali aik clear H1 heading add karo.,SEO Audit,,2026-08-21T04:09:27Z
high,Content,https://engineerwala.com/car-door-lock-parts/,Missing H1 heading,Page ke main topic ko describe karne wali aik clear H1 heading add karo.,SEO Audit,,2026-08-21T04:09:27Z
high,Content,https://engineerwala.com/car-engine-parts/,Missing H1 heading,Page ke main topic ko describe karne wali aik clear H1 heading add karo.,SEO Audit,,2026-08-21T04:09:27Z
high,Content,https://engineerwala.com/category/automobile/,Missing H1 heading,Page ke main topic ko describe karne wali aik clear H1 heading add karo.,SEO Audit,,2026-08-21T04:09:27Z
high,Content,https://engineerwala.com/category/home-page/,Missing H1 heading,Page ke main topic ko describe karne wali aik clear H1 heading add karo.,SEO Audit,,2026-08-21T04:09:27Z
high,Content,https://engineerwala.com/category/materials/,Missing H1 heading,Page ke main topic ko describe karne wali aik clear H1 heading add karo.,SEO Audit,,2026-08-21T04:09:27Z
high,Content,https://engineerwala.com/category/materials/,Very thin content,"Search intent ke mutabiq useful explanation, steps, examples aur FAQs add karo. Important article pages ko substantially expand karo.",SEO Audit,,2026-08-21T04:09:27Z
high,Content,https://engineerwala.com/category/tools/,Missing H1 heading,Page ke main topic ko describe karne wali aik clear H1 heading add karo.,SEO Audit,,2026-08-21T04:09:27Z
high,Content,https://engineerwala.com/category/tools/,Very thin content,"Search intent ke mutabiq useful explanation, steps, examples aur FAQs add karo. Important article pages ko substantially expand karo.",SEO Audit,,2026-08-21T04:09:27Z
high,Content,https://engineerwala.com/contact-us/,Very thin content,"Search intent ke mutabiq useful explanation, steps, examples aur FAQs add karo. Important article pages ko substantially expand karo.",SEO Audit,,2026-08-21T04:09:27Z
high,Content,https://engineerwala.com/disclaimer/,Missing H1 heading,Page ke main topic ko describe karne wali aik clear H1 heading add karo.,SEO Audit,,2026-08-21T04:09:27Z
high,Content,https://engineerwala.com/milage-calculator/,Very thin content,"Search intent ke mutabiq useful explanation, steps, examples aur FAQs add karo. Important article pages ko substantially expand karo.",SEO Audit,,2026-08-21T04:09:27Z
high,Content,https://engineerwala.com/noise-when-turning-steering-wheel/,Missing H1 heading,Page ke main topic ko describe karne wali aik clear H1 heading add karo.,SEO Audit,,2026-08-21T04:09:27Z
high,Content,https://engineerwala.com/privacy-policy/,Missing H1 heading,Page ke main topic ko describe karne wali aik clear H1 heading add karo.,SEO Audit,,2026-08-21T04:09:27Z
high,Content,https://engineerwala.com/services/,Very thin content,"Search intent ke mutabiq useful explanation, steps, examples aur FAQs add karo. Important article pages ko substantially expand karo.",SEO Audit,,2026-08-21T04:09:27Z
high,Content,https://engineerwala.com/terms-and-conditions/,Missing H1 heading,Page ke main topic ko describe karne wali aik clear H1 heading add karo.,SEO Audit,,2026-08-21T04:09:27Z
high,Indexing,https://engineerwala.com/bad-wheel-bearing-symptoms/,Crawled - currently not indexed,"Confirm HTTP 200, indexability, canonical, XML sitemap presence and internal links. Correct the cause and then request indexing in Google Search Console.",URL Inspection,Not indexed,2026-08-21T04:09:27Z
high,Indexing,https://engineerwala.com/category/automobile/,URL is unknown to Google,"Confirm HTTP 200, indexability, canonical, XML sitemap presence and internal links. Correct the cause and then request indexing in Google Search Console.",URL Inspection,Not indexed,2026-08-21T04:09:27Z
high,Indexing,https://engineerwala.com/category/home-page/,URL is unknown to Google,"Confirm HTTP 200, indexability, canonical, XML sitemap presence and internal links. Correct the cause and then request indexing in Google Search Console.",URL Inspection,Not indexed,2026-08-21T04:09:27Z
high,Indexing,https://engineerwala.com/category/materials/,URL is unknown to Google,"Confirm HTTP 200, indexability, canonical, XML sitemap presence and internal links. Correct the cause and then request indexing in Google Search Console.",URL Inspection,Not indexed,2026-08-21T04:09:27Z
high,Indexing,https://engineerwala.com/category/tools/,URL is unknown to Google,"Confirm HTTP 200, indexability, canonical, XML sitemap presence and internal links. Correct the cause and then request indexing in Google Search Console.",URL Inspection,Not indexed,2026-08-21T04:09:27Z
high,Indexing,https://engineerwala.com/privacy-policy/,URL is unknown to Google,"Confirm HTTP 200, indexability, canonical, XML sitemap presence and internal links. Correct the cause and then request indexing in Google Search Console.",URL Inspection,Not indexed,2026-08-21T04:09:27Z
medium,Content,https://engineerwala.com/,Limited content depth,"Competitor coverage aur user questions review karke missing sections, examples aur practical guidance add karo.",SEO Audit,,2026-08-21T04:09:27Z
medium,Content,https://engineerwala.com/,Meta description too short,Description ko zyada informative banao aur approximately 120–155 characters tak expand karo.,SEO Audit,,2026-08-21T04:09:27Z
medium,Content,https://engineerwala.com/about-us/,Limited content depth,"Competitor coverage aur user questions review karke missing sections, examples aur practical guidance add karo.",SEO Audit,,2026-08-21T04:09:27Z
medium,Content,https://engineerwala.com/about-us/,SEO title too short,"Title ko zyada descriptive banao, main search intent aur primary keyword add karo. Target roughly 30–60 characters.",SEO Audit,,2026-08-21T04:09:27Z
medium,Content,https://engineerwala.com/airbag-warning-light/,SEO title too long,Important keyword aur benefit start mein rakh kar title ko roughly 60 characters ke andar rewrite karo.,SEO Audit,,2026-08-21T04:09:27Z
medium,Content,https://engineerwala.com/alternator-overcharging/,SEO title too long,Important keyword aur benefit start mein rakh kar title ko roughly 60 characters ke andar rewrite karo.,SEO Audit,,2026-08-21T04:09:27Z
medium,Content,https://engineerwala.com/bad-fuel-pressure-regulator-symptoms/,Meta description too long,Description ko concise rewrite karo. Important information aur CTA ko approximately 120–155 characters mein rakho.,SEO Audit,,2026-08-21T04:09:27Z
medium,Content,https://engineerwala.com/bad-fuel-pump-symptoms/,Meta description too long,Description ko concise rewrite karo. Important information aur CTA ko approximately 120–155 characters mein rakho.,SEO Audit,,2026-08-21T04:09:27Z
medium,Content,https://engineerwala.com/bad-fuel-pump-symptoms/,SEO title too long,Important keyword aur benefit start mein rakh kar title ko roughly 60 characters ke andar rewrite karo.,SEO Audit,,2026-08-21T04:09:27Z
medium,Content,https://engineerwala.com/bad-rear-differential-symptoms/,Meta description too long,Description ko concise rewrite karo. Important information aur CTA ko approximately 120–155 characters mein rakho.,SEO Audit,,2026-08-21T04:09:27Z
medium,Content,https://engineerwala.com/bad-spark-plug-symptoms/,Meta description too long,Description ko concise rewrite karo. Important information aur CTA ko approximately 120–155 characters mein rakho.,SEO Audit,,2026-08-21T04:09:27Z
medium,Content,https://engineerwala.com/bad-wheel-bearing-symptoms/,Meta description too long,Description ko concise rewrite karo. Important information aur CTA ko approximately 120–155 characters mein rakho.,SEO Audit,,2026-08-21T04:09:27Z
medium,Content,https://engineerwala.com/bank-1-vs-bank-2-meaning/,Meta description too long,Description ko concise rewrite karo. Important information aur CTA ko approximately 120–155 characters mein rakho.,SEO Audit,,2026-08-21T04:09:27Z
medium,Content,https://engineerwala.com/bank-1-vs-bank-2-meaning/,SEO title too long,Important keyword aur benefit start mein rakh kar title ko roughly 60 characters ke andar rewrite karo.,SEO Audit,,2026-08-21T04:09:27Z
medium,Content,https://engineerwala.com/battery-dead-symptoms/,Meta description too long,Description ko concise rewrite karo. Important information aur CTA ko approximately 120–155 characters mein rakho.,SEO Audit,,2026-08-21T04:09:27Z
medium,Content,https://engineerwala.com/black-smoke-from-exhaust/,Meta description too long,Description ko concise rewrite karo. Important information aur CTA ko approximately 120–155 characters mein rakho.,SEO Audit,,2026-08-21T04:09:27Z
medium,Content,https://engineerwala.com/brake-pedal-soft-causes/,SEO title too long,Important keyword aur benefit start mein rakh kar title ko roughly 60 characters ke andar rewrite karo.,SEO Audit,,2026-08-21T04:09:27Z
medium,Content,https://engineerwala.com/car-key-stuck-in-ignition/,Meta description too long,Description ko concise rewrite karo. Important information aur CTA ko approximately 120–155 characters mein rakho.,SEO Audit,,2026-08-21T04:09:27Z
medium,Content,https://engineerwala.com/car-overheating-at-idle/,Meta description too short,Description ko zyada informative banao aur approximately 120–155 characters tak expand karo.,SEO Audit,,2026-08-21T04:09:27Z
medium,Content,https://engineerwala.com/car-shakes-at-idle/,Meta description too long,Description ko concise rewrite karo. Important information aur CTA ko approximately 120–155 characters mein rakho.,SEO Audit,,2026-08-21T04:09:27Z
medium,Content,https://engineerwala.com/car-squeaks-when-reversing/,Meta description too long,Description ko concise rewrite karo. Important information aur CTA ko approximately 120–155 characters mein rakho.,SEO Audit,,2026-08-21T04:09:27Z
medium,Content,https://engineerwala.com/car-wheel-parts/,Meta description too long,Description ko concise rewrite karo. Important information aur CTA ko approximately 120–155 characters mein rakho.,SEO Audit,,2026-08-21T04:09:27Z
medium,Content,https://engineerwala.com/category/automobile/,Limited content depth,"Competitor coverage aur user questions review karke missing sections, examples aur practical guidance add karo.",SEO Audit,,2026-08-21T04:09:27Z
medium,Content,https://engineerwala.com/category/automobile/,SEO title too short,"Title ko zyada descriptive banao, main search intent aur primary keyword add karo. Target roughly 30–60 characters.",SEO Audit,,2026-08-21T04:09:27Z
medium,Content,https://engineerwala.com/category/home-page/,Limited content depth,"Competitor coverage aur user questions review karke missing sections, examples aur practical guidance add karo.",SEO Audit,,2026-08-21T04:09:27Z
medium,Content,https://engineerwala.com/category/home-page/,Meta description too short,Description ko zyada informative banao aur approximately 120–155 characters tak expand karo.,SEO Audit,,2026-08-21T04:09:27Z
medium,Content,https://engineerwala.com/category/home-page/,SEO title too short,"Title ko zyada descriptive banao, main search intent aur primary keyword add karo. Target roughly 30–60 characters.",SEO Audit,,2026-08-21T04:09:27Z
medium,Content,https://engineerwala.com/category/materials/,SEO title too short,"Title ko zyada descriptive banao, main search intent aur primary keyword add karo. Target roughly 30–60 characters.",SEO Audit,,2026-08-21T04:09:27Z
medium,Content,https://engineerwala.com/category/tools/,SEO title too short,"Title ko zyada descriptive banao, main search intent aur primary keyword add karo. Target roughly 30–60 characters.",SEO Audit,,2026-08-21T04:09:27Z
medium,Content,https://engineerwala.com/contact-us/,Meta description too short,Description ko zyada informative banao aur approximately 120–155 characters tak expand karo.,SEO Audit,,2026-08-21T04:09:27Z
medium,Content,https://engineerwala.com/contact-us/,SEO title too short,"Title ko zyada descriptive banao, main search intent aur primary keyword add karo. Target roughly 30–60 characters.",SEO Audit,,2026-08-21T04:09:27Z
medium,Content,https://engineerwala.com/coolant-disappearing-no-leak/,SEO title too long,Important keyword aur benefit start mein rakh kar title ko roughly 60 characters ke andar rewrite karo.,SEO Audit,,2026-08-21T04:09:27Z
medium,Content,https://engineerwala.com/crankshaft-position-sensor/,Multiple H1 headings,Primary page heading ko aik H1 rakho. Baqi section headings ko H2 ya H3 mein convert karo.,SEO Audit,,2026-08-21T04:09:27Z
medium,Content,https://engineerwala.com/crankshaft-position-sensor/,SEO title too long,Important keyword aur benefit start mein rakh kar title ko roughly 60 characters ke andar rewrite karo.,SEO Audit,,2026-08-21T04:09:27Z
medium,Content,https://engineerwala.com/cv-joint-noise-when-driving-straight/,Meta description too long,Description ko concise rewrite karo. Important information aur CTA ko approximately 120–155 characters mein rakho.,SEO Audit,,2026-08-21T04:09:27Z
medium,Content,https://engineerwala.com/cv-joint-noise-when-driving-straight/,SEO title too long,Important keyword aur benefit start mein rakh kar title ko roughly 60 characters ke andar rewrite karo.,SEO Audit,,2026-08-21T04:09:27Z
medium,Content,https://engineerwala.com/disclaimer/,Limited content depth,"Competitor coverage aur user questions review karke missing sections, examples aur practical guidance add karo.",SEO Audit,,2026-08-21T04:09:27Z
medium,Content,https://engineerwala.com/disclaimer/,Meta description too short,Description ko zyada informative banao aur approximately 120–155 characters tak expand karo.,SEO Audit,,2026-08-21T04:09:27Z
medium,Content,https://engineerwala.com/disclaimer/,SEO title too short,"Title ko zyada descriptive banao, main search intent aur primary keyword add karo. Target roughly 30–60 characters.",SEO Audit,,2026-08-21T04:09:27Z
medium,Content,https://engineerwala.com/engine-knocking-when-accelerating/,Meta description too long,Description ko concise rewrite karo. Important information aur CTA ko approximately 120–155 characters mein rakho.,SEO Audit,,2026-08-21T04:09:27Z
medium,Content,https://engineerwala.com/engine-knocking-when-accelerating/,Multiple H1 headings,Primary page heading ko aik H1 rakho. Baqi section headings ko H2 ya H3 mein convert karo.,SEO Audit,,2026-08-21T04:09:27Z
medium,Content,https://engineerwala.com/engine-knocking-when-accelerating/,SEO title too long,Important keyword aur benefit start mein rakh kar title ko roughly 60 characters ke andar rewrite karo.,SEO Audit,,2026-08-21T04:09:27Z
medium,Content,https://engineerwala.com/engine-misfire-symptoms/,Meta description too long,Description ko concise rewrite karo. Important information aur CTA ko approximately 120–155 characters mein rakho.,SEO Audit,,2026-08-21T04:09:27Z
medium,Content,https://engineerwala.com/engine-misfire-symptoms/,SEO title too long,Important keyword aur benefit start mein rakh kar title ko roughly 60 characters ke andar rewrite karo.,SEO Audit,,2026-08-21T04:09:27Z
medium,Content,https://engineerwala.com/fender-vs-quarter-panel/,SEO title too long,Important keyword aur benefit start mein rakh kar title ko roughly 60 characters ke andar rewrite karo.,SEO Audit,,2026-08-21T04:09:27Z
medium,Content,https://engineerwala.com/find-out-why-your-mpg-is-dropping/,SEO title too long,Important keyword aur benefit start mein rakh kar title ko roughly 60 characters ke andar rewrite karo.,SEO Audit,,2026-08-21T04:09:27Z
medium,Content,https://engineerwala.com/flashing-check-engine-light/,Multiple H1 headings,Primary page heading ko aik H1 rakho. Baqi section headings ko H2 ya H3 mein convert karo.,SEO Audit,,2026-08-21T04:09:27Z
medium,Content,https://engineerwala.com/flashing-check-engine-light/,SEO title too long,Important keyword aur benefit start mein rakh kar title ko roughly 60 characters ke andar rewrite karo.,SEO Audit,,2026-08-21T04:09:27Z
medium,Content,https://engineerwala.com/how-to-find-car-mileage/,SEO title too long,Important keyword aur benefit start mein rakh kar title ko roughly 60 characters ke andar rewrite karo.,SEO Audit,,2026-08-21T04:09:27Z
medium,Content,https://engineerwala.com/how-to-get-smoke-smell-out-of-car/,Multiple H1 headings,Primary page heading ko aik H1 rakho. Baqi section headings ko H2 ya H3 mein convert karo.,SEO Audit,,2026-08-21T04:09:27Z
medium,Content,https://engineerwala.com/how-to-get-smoke-smell-out-of-car/,SEO title too long,Important keyword aur benefit start mein rakh kar title ko roughly 60 characters ke andar rewrite karo.,SEO Audit,,2026-08-21T04:09:27Z
medium,Content,https://engineerwala.com/how-to-open-a-locked-car-door/,Meta description too long,Description ko concise rewrite karo. Important information aur CTA ko approximately 120–155 characters mein rakho.,SEO Audit,,2026-08-21T04:09:27Z
medium,Content,https://engineerwala.com/how-to-open-a-locked-car-door/,Multiple H1 headings,Primary page heading ko aik H1 rakho. Baqi section headings ko H2 ya H3 mein convert karo.,SEO Audit,,2026-08-21T04:09:27Z
medium,Content,https://engineerwala.com/how-to-open-a-locked-car-door/,SEO title too long,Important keyword aur benefit start mein rakh kar title ko roughly 60 characters ke andar rewrite karo.,SEO Audit,,2026-08-21T04:09:27Z
medium,Content,https://engineerwala.com/how-to-safely-disconnect-a-car-battery/,SEO title too long,Important keyword aur benefit start mein rakh kar title ko roughly 60 characters ke andar rewrite karo.,SEO Audit,,2026-08-21T04:09:27Z
medium,Content,https://engineerwala.com/how-to-stop-car-windows-from-fogging-up/,Meta description too long,Description ko concise rewrite karo. Important information aur CTA ko approximately 120–155 characters mein rakho.,SEO Audit,,2026-08-21T04:09:27Z
medium,Content,https://engineerwala.com/how-to-stop-car-windows-from-fogging-up/,SEO title too long,Important keyword aur benefit start mein rakh kar title ko roughly 60 characters ke andar rewrite karo.,SEO Audit,,2026-08-21T04:09:27Z
medium,Content,https://engineerwala.com/improve-car-fuel-efficiency/,SEO title too long,Important keyword aur benefit start mein rakh kar title ko roughly 60 characters ke andar rewrite karo.,SEO Audit,,2026-08-21T04:09:27Z
medium,Content,https://engineerwala.com/improve-car-mileage/,Meta description too long,Description ko concise rewrite karo. Important information aur CTA ko approximately 120–155 characters mein rakho.,SEO Audit,,2026-08-21T04:09:27Z
medium,Content,https://engineerwala.com/improve-car-mileage/,SEO title too long,Important keyword aur benefit start mein rakh kar title ko roughly 60 characters ke andar rewrite karo.,SEO Audit,,2026-08-21T04:09:27Z
medium,Content,https://engineerwala.com/keyless-remote-battery-low/,Meta description too long,Description ko concise rewrite karo. Important information aur CTA ko approximately 120–155 characters mein rakho.,SEO Audit,,2026-08-21T04:09:27Z
medium,Content,https://engineerwala.com/keyless-remote-battery-low/,Multiple H1 headings,Primary page heading ko aik H1 rakho. Baqi section headings ko H2 ya H3 mein convert karo.,SEO Audit,,2026-08-21T04:09:27Z
medium,Content,https://engineerwala.com/keyless-remote-battery-low/,SEO title too long,Important keyword aur benefit start mein rakh kar title ko roughly 60 characters ke andar rewrite karo.,SEO Audit,,2026-08-21T04:09:27Z
medium,Content,https://engineerwala.com/manual-vs-automatic-transmission-differences/,Meta description too long,Description ko concise rewrite karo. Important information aur CTA ko approximately 120–155 characters mein rakho.,SEO Audit,,2026-08-21T04:09:27Z
medium,Content,https://engineerwala.com/manual-vs-automatic-transmission-differences/,SEO title too long,Important keyword aur benefit start mein rakh kar title ko roughly 60 characters ke andar rewrite karo.,SEO Audit,,2026-08-21T04:09:27Z
medium,Content,https://engineerwala.com/milage-calculator/,Meta description too short,Description ko zyada informative banao aur approximately 120–155 characters tak expand karo.,SEO Audit,,2026-08-21T04:09:27Z
medium,Content,https://engineerwala.com/milage-calculator/,Multiple H1 headings,Primary page heading ko aik H1 rakho. Baqi section headings ko H2 ya H3 mein convert karo.,SEO Audit,,2026-08-21T04:09:27Z
medium,Content,https://engineerwala.com/noise-when-braking-at-low-speed/,Meta description too long,Description ko concise rewrite karo. Important information aur CTA ko approximately 120–155 characters mein rakho.,SEO Audit,,2026-08-21T04:09:27Z
medium,Content,https://engineerwala.com/noise-when-braking-at-low-speed/,SEO title too long,Important keyword aur benefit start mein rakh kar title ko roughly 60 characters ke andar rewrite karo.,SEO Audit,,2026-08-21T04:09:27Z
medium,Content,https://engineerwala.com/noise-when-turning-steering-wheel/,SEO title too long,Important keyword aur benefit start mein rakh kar title ko roughly 60 characters ke andar rewrite karo.,SEO Audit,,2026-08-21T04:09:27Z
medium,Content,https://engineerwala.com/oil-in-coolant-reservoir/,Meta description too long,Description ko concise rewrite karo. Important information aur CTA ko approximately 120–155 characters mein rakho.,SEO Audit,,2026-08-21T04:09:27Z
medium,Content,https://engineerwala.com/oil-in-coolant-reservoir/,Multiple H1 headings,Primary page heading ko aik H1 rakho. Baqi section headings ko H2 ya H3 mein convert karo.,SEO Audit,,2026-08-21T04:09:27Z
medium,Content,https://engineerwala.com/oil-in-coolant-reservoir/,SEO title too long,Important keyword aur benefit start mein rakh kar title ko roughly 60 characters ke andar rewrite karo.,SEO Audit,,2026-08-21T04:09:27Z
medium,Content,https://engineerwala.com/oil-in-spark-plug-well/,Multiple H1 headings,Primary page heading ko aik H1 rakho. Baqi section headings ko H2 ya H3 mein convert karo.,SEO Audit,,2026-08-21T04:09:27Z
medium,Content,https://engineerwala.com/oil-in-spark-plug-well/,SEO title too long,Important keyword aur benefit start mein rakh kar title ko roughly 60 characters ke andar rewrite karo.,SEO Audit,,2026-08-21T04:09:27Z
medium,Content,https://engineerwala.com/p0420-code-meaning/,SEO title too long,Important keyword aur benefit start mein rakh kar title ko roughly 60 characters ke andar rewrite karo.,SEO Audit,,2026-08-21T04:09:27Z
medium,Content,https://engineerwala.com/parts-of-a-car/,Multiple H1 headings,Primary page heading ko aik H1 rakho. Baqi section headings ko H2 ya H3 mein convert karo.,SEO Audit,,2026-08-21T04:09:27Z
medium,Content,https://engineerwala.com/power-steering-fluid-leak/,SEO title too long,Important keyword aur benefit start mein rakh kar title ko roughly 60 characters ke andar rewrite karo.,SEO Audit,,2026-08-21T04:09:27Z
medium,Content,https://engineerwala.com/privacy-policy/,Meta description too short,Description ko zyada informative banao aur approximately 120–155 characters tak expand karo.,SEO Audit,,2026-08-21T04:09:27Z
medium,Content,https://engineerwala.com/service-battery-charging-system/,Meta description too long,Description ko concise rewrite karo. Important information aur CTA ko approximately 120–155 characters mein rakho.,SEO Audit,,2026-08-21T04:09:27Z
medium,Content,https://engineerwala.com/service-battery-charging-system/,SEO title too long,Important keyword aur benefit start mein rakh kar title ko roughly 60 characters ke andar rewrite karo.,SEO Audit,,2026-08-21T04:09:27Z
medium,Content,https://engineerwala.com/service-brake-assist/,Meta description too long,Description ko concise rewrite karo. Important information aur CTA ko approximately 120–155 characters mein rakho.,SEO Audit,,2026-08-21T04:09:27Z
medium,Content,https://engineerwala.com/service-brake-assist/,SEO title too long,Important keyword aur benefit start mein rakh kar title ko roughly 60 characters ke andar rewrite karo.,SEO Audit,,2026-08-21T04:09:27Z
medium,Content,https://engineerwala.com/service-stabilitrak/,Multiple H1 headings,Primary page heading ko aik H1 rakho. Baqi section headings ko H2 ya H3 mein convert karo.,SEO Audit,,2026-08-21T04:09:27Z
medium,Content,https://engineerwala.com/service-stabilitrak/,SEO title too long,Important keyword aur benefit start mein rakh kar title ko roughly 60 characters ke andar rewrite karo.,SEO Audit,,2026-08-21T04:09:27Z
medium,Content,https://engineerwala.com/services/,SEO title too short,"Title ko zyada descriptive banao, main search intent aur primary keyword add karo. Target roughly 30–60 characters.",SEO Audit,,2026-08-21T04:09:27Z
medium,Content,https://engineerwala.com/starter-relay-symptoms/,SEO title too long,Important keyword aur benefit start mein rakh kar title ko roughly 60 characters ke andar rewrite karo.,SEO Audit,,2026-08-21T04:09:27Z
medium,Content,https://engineerwala.com/steering-wheel-shaking-while-driving/,Multiple H1 headings,Primary page heading ko aik H1 rakho. Baqi section headings ko H2 ya H3 mein convert karo.,SEO Audit,,2026-08-21T04:09:27Z
medium,Content,https://engineerwala.com/steering-wheel-shaking-while-driving/,SEO title too long,Important keyword aur benefit start mein rakh kar title ko roughly 60 characters ke andar rewrite karo.,SEO Audit,,2026-08-21T04:09:27Z
medium,Content,https://engineerwala.com/terms-and-conditions/,Meta description too short,Description ko zyada informative banao aur approximately 120–155 characters tak expand karo.,SEO Audit,,2026-08-21T04:09:27Z
medium,Content,https://engineerwala.com/thermostat-stuck-closed-symptoms/,SEO title too long,Important keyword aur benefit start mein rakh kar title ko roughly 60 characters ke andar rewrite karo.,SEO Audit,,2026-08-21T04:09:27Z
medium,Content,https://engineerwala.com/what-causes-bubbles-in-coolant-reservoir/,Meta description too long,Description ko concise rewrite karo. Important information aur CTA ko approximately 120–155 characters mein rakho.,SEO Audit,,2026-08-21T04:09:27Z
medium,Content,https://engineerwala.com/what-causes-bubbles-in-coolant-reservoir/,SEO title too long,Important keyword aur benefit start mein rakh kar title ko roughly 60 characters ke andar rewrite karo.,SEO Audit,,2026-08-21T04:09:27Z
medium,Content,https://engineerwala.com/what-does-esp-bas-light-mean/,Meta description too long,Description ko concise rewrite karo. Important information aur CTA ko approximately 120–155 characters mein rakho.,SEO Audit,,2026-08-21T04:09:27Z
medium,Content,https://engineerwala.com/what-does-esp-bas-light-mean/,SEO title too long,Important keyword aur benefit start mein rakh kar title ko roughly 60 characters ke andar rewrite karo.,SEO Audit,,2026-08-21T04:09:27Z
medium,Content,https://engineerwala.com/what-is-a-car-transmission/,SEO title too long,Important keyword aur benefit start mein rakh kar title ko roughly 60 characters ke andar rewrite karo.,SEO Audit,,2026-08-21T04:09:27Z
medium,Content,https://engineerwala.com/what-is-a-cvt-transmission/,SEO title too long,Important keyword aur benefit start mein rakh kar title ko roughly 60 characters ke andar rewrite karo.,SEO Audit,,2026-08-21T04:09:27Z
medium,Content,https://engineerwala.com/what-is-a-flywheel/,SEO title too long,Important keyword aur benefit start mein rakh kar title ko roughly 60 characters ke andar rewrite karo.,SEO Audit,,2026-08-21T04:09:27Z
medium,Content,https://engineerwala.com/what-is-a-sway-bar/,SEO title too long,Important keyword aur benefit start mein rakh kar title ko roughly 60 characters ke andar rewrite karo.,SEO Audit,,2026-08-21T04:09:27Z
medium,Content,https://engineerwala.com/what-is-crankshaft/,SEO title too long,Important keyword aur benefit start mein rakh kar title ko roughly 60 characters ke andar rewrite karo.,SEO Audit,,2026-08-21T04:09:27Z
medium,Content,https://engineerwala.com/what-is-dielectric-grease/,Meta description too long,Description ko concise rewrite karo. Important information aur CTA ko approximately 120–155 characters mein rakho.,SEO Audit,,2026-08-21T04:09:27Z
medium,Content,https://engineerwala.com/what-is-dielectric-grease/,SEO title too long,Important keyword aur benefit start mein rakh kar title ko roughly 60 characters ke andar rewrite karo.,SEO Audit,,2026-08-21T04:09:27Z
medium,Content,https://engineerwala.com/what-is-drilling/,SEO title too long,Important keyword aur benefit start mein rakh kar title ko roughly 60 characters ke andar rewrite karo.,SEO Audit,,2026-08-21T04:09:27Z
medium,Content,https://engineerwala.com/what-is-piston/,Multiple H1 headings,Primary page heading ko aik H1 rakho. Baqi section headings ko H2 ya H3 mein convert karo.,SEO Audit,,2026-08-21T04:09:27Z
medium,Content,https://engineerwala.com/what-is-piston/,SEO title too long,Important keyword aur benefit start mein rakh kar title ko roughly 60 characters ke andar rewrite karo.,SEO Audit,,2026-08-21T04:09:27Z
medium,Content,https://engineerwala.com/which-side-is-the-brake/,SEO title too long,Important keyword aur benefit start mein rakh kar title ko roughly 60 characters ke andar rewrite karo.,SEO Audit,,2026-08-21T04:09:27Z
medium,Content,https://engineerwala.com/white-smoke-from-exhaust/,Multiple H1 headings,Primary page heading ko aik H1 rakho. Baqi section headings ko H2 ya H3 mein convert karo.,SEO Audit,,2026-08-21T04:09:27Z
medium,Content,https://engineerwala.com/white-smoke-from-exhaust/,SEO title too long,Important keyword aur benefit start mein rakh kar title ko roughly 60 characters ke andar rewrite karo.,SEO Audit,,2026-08-21T04:09:27Z
medium,Images,https://engineerwala.com/airbag-warning-light/,Images missing alt text,"In 1 images ke liye short, descriptive aur context-relevant alt text add karo. Keyword stuffing mat karo.",SEO Audit,,2026-08-21T04:09:27Z
medium,Images,https://engineerwala.com/alternator-overcharging/,Images missing alt text,"In 1 images ke liye short, descriptive aur context-relevant alt text add karo. Keyword stuffing mat karo.",SEO Audit,,2026-08-21T04:09:27Z
medium,Images,https://engineerwala.com/bad-catalytic-converter-symptoms/,Images missing alt text,"In 1 images ke liye short, descriptive aur context-relevant alt text add karo. Keyword stuffing mat karo.",SEO Audit,,2026-08-21T04:09:27Z
medium,Images,https://engineerwala.com/bad-fuel-pressure-regulator-symptoms/,Images missing alt text,"In 1 images ke liye short, descriptive aur context-relevant alt text add karo. Keyword stuffing mat karo.",SEO Audit,,2026-08-21T04:09:27Z
medium,Images,https://engineerwala.com/bad-fuel-pump-symptoms/,Images missing alt text,"In 1 images ke liye short, descriptive aur context-relevant alt text add karo. Keyword stuffing mat karo.",SEO Audit,,2026-08-21T04:09:27Z
medium,Images,https://engineerwala.com/bad-ignition-coil-symptoms/,Images missing alt text,"In 1 images ke liye short, descriptive aur context-relevant alt text add karo. Keyword stuffing mat karo.",SEO Audit,,2026-08-21T04:09:27Z
medium,Images,https://engineerwala.com/bad-rear-differential-symptoms/,Images missing alt text,"In 1 images ke liye short, descriptive aur context-relevant alt text add karo. Keyword stuffing mat karo.",SEO Audit,,2026-08-21T04:09:27Z
medium,Images,https://engineerwala.com/bad-spark-plug-symptoms/,Images missing alt text,"In 1 images ke liye short, descriptive aur context-relevant alt text add karo. Keyword stuffing mat karo.",SEO Audit,,2026-08-21T04:09:27Z
medium,Images,https://engineerwala.com/bad-wheel-bearing-symptoms/,Images missing alt text,"In 1 images ke liye short, descriptive aur context-relevant alt text add karo. Keyword stuffing mat karo.",SEO Audit,,2026-08-21T04:09:27Z
medium,Images,https://engineerwala.com/bank-1-vs-bank-2-meaning/,Images missing alt text,"In 1 images ke liye short, descriptive aur context-relevant alt text add karo. Keyword stuffing mat karo.",SEO Audit,,2026-08-21T04:09:27Z
medium,Images,https://engineerwala.com/basic-car-door-parts/,Images missing alt text,"In 1 images ke liye short, descriptive aur context-relevant alt text add karo. Keyword stuffing mat karo.",SEO Audit,,2026-08-21T04:09:27Z
medium,Images,https://engineerwala.com/basic-car-interior-parts-name/,Images missing alt text,"In 1 images ke liye short, descriptive aur context-relevant alt text add karo. Keyword stuffing mat karo.",SEO Audit,,2026-08-21T04:09:27Z
medium,Images,https://engineerwala.com/battery-dead-symptoms/,Images missing alt text,"In 1 images ke liye short, descriptive aur context-relevant alt text add karo. Keyword stuffing mat karo.",SEO Audit,,2026-08-21T04:09:27Z
medium,Images,https://engineerwala.com/battery-saver-active/,Images missing alt text,"In 1 images ke liye short, descriptive aur context-relevant alt text add karo. Keyword stuffing mat karo.",SEO Audit,,2026-08-21T04:09:27Z
medium,Images,https://engineerwala.com/black-smoke-from-exhaust/,Images missing alt text,"In 1 images ke liye short, descriptive aur context-relevant alt text add karo. Keyword stuffing mat karo.",SEO Audit,,2026-08-21T04:09:27Z
medium,Images,https://engineerwala.com/blown-head-gasket-symptoms/,Images missing alt text,"In 1 images ke liye short, descriptive aur context-relevant alt text add karo. Keyword stuffing mat karo.",SEO Audit,,2026-08-21T04:09:27Z
medium,Images,https://engineerwala.com/blue-smoke-from-exhaust/,Images missing alt text,"In 1 images ke liye short, descriptive aur context-relevant alt text add karo. Keyword stuffing mat karo.",SEO Audit,,2026-08-21T04:09:27Z
medium,Images,https://engineerwala.com/brake-pedal-hard-causes/,Images missing alt text,"In 1 images ke liye short, descriptive aur context-relevant alt text add karo. Keyword stuffing mat karo.",SEO Audit,,2026-08-21T04:09:27Z
medium,Images,https://engineerwala.com/brake-pedal-soft-causes/,Images missing alt text,"In 1 images ke liye short, descriptive aur context-relevant alt text add karo. Keyword stuffing mat karo.",SEO Audit,,2026-08-21T04:09:27Z
medium,Images,https://engineerwala.com/camshaft-position-sensor-symptoms/,Images missing alt text,"In 1 images ke liye short, descriptive aur context-relevant alt text add karo. Keyword stuffing mat karo.",SEO Audit,,2026-08-21T04:09:27Z
medium,Images,https://engineerwala.com/car-body-parts/,Images missing alt text,"In 1 images ke liye short, descriptive aur context-relevant alt text add karo. Keyword stuffing mat karo.",SEO Audit,,2026-08-21T04:09:27Z
medium,Images,https://engineerwala.com/car-door-lock-parts/,Images missing alt text,"In 1 images ke liye short, descriptive aur context-relevant alt text add karo. Keyword stuffing mat karo.",SEO Audit,,2026-08-21T04:09:27Z
medium,Images,https://engineerwala.com/car-engine-parts/,Images missing alt text,"In 2 images ke liye short, descriptive aur context-relevant alt text add karo. Keyword stuffing mat karo.",SEO Audit,,2026-08-21T04:09:27Z
medium,Images,https://engineerwala.com/car-key-stuck-in-ignition/,Images missing alt text,"In 1 images ke liye short, descriptive aur context-relevant alt text add karo. Keyword stuffing mat karo.",SEO Audit,,2026-08-21T04:09:27Z
medium,Images,https://engineerwala.com/car-not-starting/,Images missing alt text,"In 1 images ke liye short, descriptive aur context-relevant alt text add karo. Keyword stuffing mat karo.",SEO Audit,,2026-08-21T04:09:27Z
medium,Images,https://engineerwala.com/car-overheating-at-idle/,Images missing alt text,"In 1 images ke liye short, descriptive aur context-relevant alt text add karo. Keyword stuffing mat karo.",SEO Audit,,2026-08-21T04:09:27Z
medium,Images,https://engineerwala.com/car-pulling-to-one-side/,Images missing alt text,"In 1 images ke liye short, descriptive aur context-relevant alt text add karo. Keyword stuffing mat karo.",SEO Audit,,2026-08-21T04:09:27Z
medium,Images,https://engineerwala.com/car-shakes-at-idle/,Images missing alt text,"In 1 images ke liye short, descriptive aur context-relevant alt text add karo. Keyword stuffing mat karo.",SEO Audit,,2026-08-21T04:09:27Z
medium,Images,https://engineerwala.com/car-squeaks-when-reversing/,Images missing alt text,"In 1 images ke liye short, descriptive aur context-relevant alt text add karo. Keyword stuffing mat karo.",SEO Audit,,2026-08-21T04:09:27Z
medium,Images,https://engineerwala.com/car-suspension-system/,Images missing alt text,"In 1 images ke liye short, descriptive aur context-relevant alt text add karo. Keyword stuffing mat karo.",SEO Audit,,2026-08-21T04:09:27Z
medium,Images,https://engineerwala.com/car-wheel-parts/,Images missing alt text,"In 1 images ke liye short, descriptive aur context-relevant alt text add karo. Keyword stuffing mat karo.",SEO Audit,,2026-08-21T04:09:27Z
medium,Images,https://engineerwala.com/coolant-disappearing-no-leak/,Images missing alt text,"In 1 images ke liye short, descriptive aur context-relevant alt text add karo. Keyword stuffing mat karo.",SEO Audit,,2026-08-21T04:09:27Z
medium,Images,https://engineerwala.com/crankshaft-position-sensor/,Images missing alt text,"In 1 images ke liye short, descriptive aur context-relevant alt text add karo. Keyword stuffing mat karo.",SEO Audit,,2026-08-21T04:09:27Z
medium,Images,https://engineerwala.com/cv-joint-noise-when-driving-straight/,Images missing alt text,"In 1 images ke liye short, descriptive aur context-relevant alt text add karo. Keyword stuffing mat karo.",SEO Audit,,2026-08-21T04:09:27Z
medium,Images,https://engineerwala.com/engine-knocking-when-accelerating/,Images missing alt text,"In 1 images ke liye short, descriptive aur context-relevant alt text add karo. Keyword stuffing mat karo.",SEO Audit,,2026-08-21T04:09:27Z
medium,Images,https://engineerwala.com/engine-misfire-symptoms/,Images missing alt text,"In 1 images ke liye short, descriptive aur context-relevant alt text add karo. Keyword stuffing mat karo.",SEO Audit,,2026-08-21T04:09:27Z
medium,Images,https://engineerwala.com/engine-overheating-causes/,Images missing alt text,"In 1 images ke liye short, descriptive aur context-relevant alt text add karo. Keyword stuffing mat karo.",SEO Audit,,2026-08-21T04:09:27Z
medium,Images,https://engineerwala.com/fender-vs-quarter-panel/,Images missing alt text,"In 1 images ke liye short, descriptive aur context-relevant alt text add karo. Keyword stuffing mat karo.",SEO Audit,,2026-08-21T04:09:27Z
medium,Images,https://engineerwala.com/find-out-why-your-mpg-is-dropping/,Images missing alt text,"In 1 images ke liye short, descriptive aur context-relevant alt text add karo. Keyword stuffing mat karo.",SEO Audit,,2026-08-21T04:09:27Z
medium,Images,https://engineerwala.com/flashing-check-engine-light/,Images missing alt text,"In 1 images ke liye short, descriptive aur context-relevant alt text add karo. Keyword stuffing mat karo.",SEO Audit,,2026-08-21T04:09:27Z
medium,Images,https://engineerwala.com/how-to-find-car-mileage/,Images missing alt text,"In 1 images ke liye short, descriptive aur context-relevant alt text add karo. Keyword stuffing mat karo.",SEO Audit,,2026-08-21T04:09:27Z
medium,Images,https://engineerwala.com/how-to-get-smoke-smell-out-of-car/,Images missing alt text,"In 1 images ke liye short, descriptive aur context-relevant alt text add karo. Keyword stuffing mat karo.",SEO Audit,,2026-08-21T04:09:27Z
medium,Images,https://engineerwala.com/how-to-open-a-locked-car-door/,Images missing alt text,"In 1 images ke liye short, descriptive aur context-relevant alt text add karo. Keyword stuffing mat karo.",SEO Audit,,2026-08-21T04:09:27Z
medium,Images,https://engineerwala.com/how-to-safely-disconnect-a-car-battery/,Images missing alt text,"In 1 images ke liye short, descriptive aur context-relevant alt text add karo. Keyword stuffing mat karo.",SEO Audit,,2026-08-21T04:09:27Z
medium,Images,https://engineerwala.com/how-to-stop-car-windows-from-fogging-up/,Images missing alt text,"In 1 images ke liye short, descriptive aur context-relevant alt text add karo. Keyword stuffing mat karo.",SEO Audit,,2026-08-21T04:09:27Z
medium,Images,https://engineerwala.com/improve-car-fuel-efficiency/,Images missing alt text,"In 1 images ke liye short, descriptive aur context-relevant alt text add karo. Keyword stuffing mat karo.",SEO Audit,,2026-08-21T04:09:27Z
medium,Images,https://engineerwala.com/improve-car-mileage/,Images missing alt text,"In 1 images ke liye short, descriptive aur context-relevant alt text add karo. Keyword stuffing mat karo.",SEO Audit,,2026-08-21T04:09:27Z
medium,Images,https://engineerwala.com/keyless-remote-battery-low/,Images missing alt text,"In 1 images ke liye short, descriptive aur context-relevant alt text add karo. Keyword stuffing mat karo.",SEO Audit,,2026-08-21T04:09:27Z
medium,Images,https://engineerwala.com/manual-vs-automatic-transmission-differences/,Images missing alt text,"In 1 images ke liye short, descriptive aur context-relevant alt text add karo. Keyword stuffing mat karo.",SEO Audit,,2026-08-21T04:09:27Z
medium,Images,https://engineerwala.com/noise-when-braking-at-low-speed/,Images missing alt text,"In 1 images ke liye short, descriptive aur context-relevant alt text add karo. Keyword stuffing mat karo.",SEO Audit,,2026-08-21T04:09:27Z
medium,Images,https://engineerwala.com/noise-when-turning-steering-wheel/,Images missing alt text,"In 1 images ke liye short, descriptive aur context-relevant alt text add karo. Keyword stuffing mat karo.",SEO Audit,,2026-08-21T04:09:27Z
medium,Images,https://engineerwala.com/oil-in-coolant-reservoir/,Images missing alt text,"In 1 images ke liye short, descriptive aur context-relevant alt text add karo. Keyword stuffing mat karo.",SEO Audit,,2026-08-21T04:09:27Z
medium,Images,https://engineerwala.com/oil-in-spark-plug-well/,Images missing alt text,"In 1 images ke liye short, descriptive aur context-relevant alt text add karo. Keyword stuffing mat karo.",SEO Audit,,2026-08-21T04:09:27Z
medium,Images,https://engineerwala.com/p0420-code-meaning/,Images missing alt text,"In 1 images ke liye short, descriptive aur context-relevant alt text add karo. Keyword stuffing mat karo.",SEO Audit,,2026-08-21T04:09:27Z
medium,Images,https://engineerwala.com/parts-of-a-car/,Images missing alt text,"In 1 images ke liye short, descriptive aur context-relevant alt text add karo. Keyword stuffing mat karo.",SEO Audit,,2026-08-21T04:09:27Z
medium,Images,https://engineerwala.com/power-steering-fluid-leak/,Images missing alt text,"In 1 images ke liye short, descriptive aur context-relevant alt text add karo. Keyword stuffing mat karo.",SEO Audit,,2026-08-21T04:09:27Z
medium,Images,https://engineerwala.com/service-battery-charging-system/,Images missing alt text,"In 1 images ke liye short, descriptive aur context-relevant alt text add karo. Keyword stuffing mat karo.",SEO Audit,,2026-08-21T04:09:27Z
medium,Images,https://engineerwala.com/service-brake-assist/,Images missing alt text,"In 1 images ke liye short, descriptive aur context-relevant alt text add karo. Keyword stuffing mat karo.",SEO Audit,,2026-08-21T04:09:27Z
medium,Images,https://engineerwala.com/service-stabilitrak/,Images missing alt text,"In 1 images ke liye short, descriptive aur context-relevant alt text add karo. Keyword stuffing mat karo.",SEO Audit,,2026-08-21T04:09:27Z
medium,Images,https://engineerwala.com/services/,Images missing alt text,"In 2 images ke liye short, descriptive aur context-relevant alt text add karo. Keyword stuffing mat karo.",SEO Audit,,2026-08-21T04:09:27Z
medium,Images,https://engineerwala.com/starter-relay-symptoms/,Images missing alt text,"In 1 images ke liye short, descriptive aur context-relevant alt text add karo. Keyword stuffing mat karo.",SEO Audit,,2026-08-21T04:09:27Z
medium,Images,https://engineerwala.com/steering-wheel-shaking-while-driving/,Images missing alt text,"In 1 images ke liye short, descriptive aur context-relevant alt text add karo. Keyword stuffing mat karo.",SEO Audit,,2026-08-21T04:09:27Z
medium,Images,https://engineerwala.com/thermostat-stuck-closed-symptoms/,Images missing alt text,"In 1 images ke liye short, descriptive aur context-relevant alt text add karo. Keyword stuffing mat karo.",SEO Audit,,2026-08-21T04:09:27Z
medium,Images,https://engineerwala.com/tire-pressure-sensor-fault/,Images missing alt text,"In 1 images ke liye short, descriptive aur context-relevant alt text add karo. Keyword stuffing mat karo.",SEO Audit,,2026-08-21T04:09:27Z
medium,Images,https://engineerwala.com/types-of-bolts/,Images missing alt text,"In 1 images ke liye short, descriptive aur context-relevant alt text add karo. Keyword stuffing mat karo.",SEO Audit,,2026-08-21T04:09:27Z
medium,Images,https://engineerwala.com/types-of-cars/,Images missing alt text,"In 1 images ke liye short, descriptive aur context-relevant alt text add karo. Keyword stuffing mat karo.",SEO Audit,,2026-08-21T04:09:27Z
medium,Images,https://engineerwala.com/what-causes-bubbles-in-coolant-reservoir/,Images missing alt text,"In 1 images ke liye short, descriptive aur context-relevant alt text add karo. Keyword stuffing mat karo.",SEO Audit,,2026-08-21T04:09:27Z
medium,Images,https://engineerwala.com/what-does-esp-bas-light-mean/,Images missing alt text,"In 1 images ke liye short, descriptive aur context-relevant alt text add karo. Keyword stuffing mat karo.",SEO Audit,,2026-08-21T04:09:27Z
medium,Images,https://engineerwala.com/what-is-a-car-transmission/,Images missing alt text,"In 1 images ke liye short, descriptive aur context-relevant alt text add karo. Keyword stuffing mat karo.",SEO Audit,,2026-08-21T04:09:27Z
medium,Images,https://engineerwala.com/what-is-a-cvt-transmission/,Images missing alt text,"In 1 images ke liye short, descriptive aur context-relevant alt text add karo. Keyword stuffing mat karo.",SEO Audit,,2026-08-21T04:09:27Z
medium,Images,https://engineerwala.com/what-is-a-flywheel/,Images missing alt text,"In 1 images ke liye short, descriptive aur context-relevant alt text add karo. Keyword stuffing mat karo.",SEO Audit,,2026-08-21T04:09:27Z
medium,Images,https://engineerwala.com/what-is-a-sway-bar/,Images missing alt text,"In 1 images ke liye short, descriptive aur context-relevant alt text add karo. Keyword stuffing mat karo.",SEO Audit,,2026-08-21T04:09:27Z
medium,Images,https://engineerwala.com/what-is-crankshaft/,Images missing alt text,"In 2 images ke liye short, descriptive aur context-relevant alt text add karo. Keyword stuffing mat karo.",SEO Audit,,2026-08-21T04:09:27Z
medium,Images,https://engineerwala.com/what-is-dielectric-grease/,Images missing alt text,"In 1 images ke liye short, descriptive aur context-relevant alt text add karo. Keyword stuffing mat karo.",SEO Audit,,2026-08-21T04:09:27Z
medium,Images,https://engineerwala.com/what-is-drilling/,Images missing alt text,"In 1 images ke liye short, descriptive aur context-relevant alt text add karo. Keyword stuffing mat karo.",SEO Audit,,2026-08-21T04:09:27Z
medium,Images,https://engineerwala.com/what-is-piston/,Images missing alt text,"In 1 images ke liye short, descriptive aur context-relevant alt text add karo. Keyword stuffing mat karo.",SEO Audit,,2026-08-21T04:09:27Z
medium,Images,https://engineerwala.com/which-side-is-the-brake/,Images missing alt text,"In 1 images ke liye short, descriptive aur context-relevant alt text add karo. Keyword stuffing mat karo.",SEO Audit,,2026-08-21T04:09:27Z
medium,Images,https://engineerwala.com/white-smoke-from-exhaust/,Images missing alt text,"In 1 images ke liye short, descriptive aur context-relevant alt text add karo. Keyword stuffing mat karo.",SEO Audit,,2026-08-21T04:09:27Z
medium,Search Performance,https://engineerwala.com/basic-car-door-parts/,Page receives impressions but no clicks,"Rewrite the SEO title and meta description to match search intent, include the main topic and communicate a clearer benefit. Recheck CTR after the next period.",Search Console,"60 impressions, 0 clicks",2026-08-21T04:09:27Z
medium,Search Performance,https://engineerwala.com/fender-vs-quarter-panel/,Page receives impressions but no clicks,"Rewrite the SEO title and meta description to match search intent, include the main topic and communicate a clearer benefit. Recheck CTR after the next period.",Search Console,"34 impressions, 0 clicks",2026-08-21T04:09:27Z
medium,Search Performance,https://engineerwala.com/what-is-a-sway-bar/,Page receives impressions but no clicks,"Rewrite the SEO title and meta description to match search intent, include the main topic and communicate a clearer benefit. Recheck CTR after the next period.",Search Console,"23 impressions, 0 clicks",2026-08-21T04:09:27Z
medium,Search Performance,https://engineerwala.com/which-side-is-the-brake/,Page receives impressions but no clicks,"Rewrite the SEO title and meta description to match search intent, include the main topic and communicate a clearer benefit. Recheck CTR after the next period.",Search Console,"34 impressions, 0 clicks",2026-08-21T04:09:27Z
low,Content,https://engineerwala.com/milage-calculator/,No H2 headings,Long content ko logical H2 sections mein divide karo taa-ke readability aur topic coverage improve ho.,SEO Audit,,2026-08-21T04:09:27Z
low,SEO,https://engineerwala.com/,No external references,Technical ya factual claims ke liye zarurat par authoritative source ka relevant link add karo.,SEO Audit,,2026-08-21T04:09:27Z
low,SEO,https://engineerwala.com/about-us/,No external references,Technical ya factual claims ke liye zarurat par authoritative source ka relevant link add karo.,SEO Audit,,2026-08-21T04:09:27Z
low,SEO,https://engineerwala.com/bad-ignition-coil-symptoms/,No external references,Technical ya factual claims ke liye zarurat par authoritative source ka relevant link add karo.,SEO Audit,,2026-08-21T04:09:27Z
low,SEO,https://engineerwala.com/battery-saver-active/,No external references,Technical ya factual claims ke liye zarurat par authoritative source ka relevant link add karo.,SEO Audit,,2026-08-21T04:09:27Z
low,SEO,https://engineerwala.com/car-engine-parts/,No external references,Technical ya factual claims ke liye zarurat par authoritative source ka relevant link add karo.,SEO Audit,,2026-08-21T04:09:27Z
low,SEO,https://engineerwala.com/car-not-starting/,No external references,Technical ya factual claims ke liye zarurat par authoritative source ka relevant link add karo.,SEO Audit,,2026-08-21T04:09:27Z
low,SEO,https://engineerwala.com/category/automobile/,No external references,Technical ya factual claims ke liye zarurat par authoritative source ka relevant link add karo.,SEO Audit,,2026-08-21T04:09:27Z
low,SEO,https://engineerwala.com/category/home-page/,No external references,Technical ya factual claims ke liye zarurat par authoritative source ka relevant link add karo.,SEO Audit,,2026-08-21T04:09:27Z
low,SEO,https://engineerwala.com/category/materials/,No external references,Technical ya factual claims ke liye zarurat par authoritative source ka relevant link add karo.,SEO Audit,,2026-08-21T04:09:27Z
low,SEO,https://engineerwala.com/category/tools/,No external references,Technical ya factual claims ke liye zarurat par authoritative source ka relevant link add karo.,SEO Audit,,2026-08-21T04:09:27Z
low,SEO,https://engineerwala.com/contact-us/,No external references,Technical ya factual claims ke liye zarurat par authoritative source ka relevant link add karo.,SEO Audit,,2026-08-21T04:09:27Z
low,SEO,https://engineerwala.com/coolant-disappearing-no-leak/,No external references,Technical ya factual claims ke liye zarurat par authoritative source ka relevant link add karo.,SEO Audit,,2026-08-21T04:09:27Z
low,SEO,https://engineerwala.com/disclaimer/,No external references,Technical ya factual claims ke liye zarurat par authoritative source ka relevant link add karo.,SEO Audit,,2026-08-21T04:09:27Z
low,SEO,https://engineerwala.com/find-out-why-your-mpg-is-dropping/,No external references,Technical ya factual claims ke liye zarurat par authoritative source ka relevant link add karo.,SEO Audit,,2026-08-21T04:09:27Z
low,SEO,https://engineerwala.com/how-to-find-car-mileage/,No external references,Technical ya factual claims ke liye zarurat par authoritative source ka relevant link add karo.,SEO Audit,,2026-08-21T04:09:27Z
low,SEO,https://engineerwala.com/improve-car-fuel-efficiency/,No external references,Technical ya factual claims ke liye zarurat par authoritative source ka relevant link add karo.,SEO Audit,,2026-08-21T04:09:27Z
low,SEO,https://engineerwala.com/milage-calculator/,No external references,Technical ya factual claims ke liye zarurat par authoritative source ka relevant link add karo.,SEO Audit,,2026-08-21T04:09:27Z
low,SEO,https://engineerwala.com/noise-when-braking-at-low-speed/,No external references,Technical ya factual claims ke liye zarurat par authoritative source ka relevant link add karo.,SEO Audit,,2026-08-21T04:09:27Z
low,SEO,https://engineerwala.com/noise-when-turning-steering-wheel/,No external references,Technical ya factual claims ke liye zarurat par authoritative source ka relevant link add karo.,SEO Audit,,2026-08-21T04:09:27Z
low,SEO,https://engineerwala.com/oil-in-coolant-reservoir/,No external references,Technical ya factual claims ke liye zarurat par authoritative source ka relevant link add karo.,SEO Audit,,2026-08-21T04:09:27Z
low,SEO,https://engineerwala.com/service-stabilitrak/,No external references,Technical ya factual claims ke liye zarurat par authoritative source ka relevant link add karo.,SEO Audit,,2026-08-21T04:09:27Z
low,SEO,https://engineerwala.com/services/,No external references,Technical ya factual claims ke liye zarurat par authoritative source ka relevant link add karo.,SEO Audit,,2026-08-21T04:09:27Z
low,SEO,https://engineerwala.com/terms-and-conditions/,No external references,Technical ya factual claims ke liye zarurat par authoritative source ka relevant link add karo.,SEO Audit,,2026-08-21T04:09:27Z
low,SEO,https://engineerwala.com/types-of-bolts/,No external references,Technical ya factual claims ke liye zarurat par authoritative source ka relevant link add karo.,SEO Audit,,2026-08-21T04:09:27Z
low,SEO,https://engineerwala.com/what-causes-bubbles-in-coolant-reservoir/,No external references,Technical ya factual claims ke liye zarurat par authoritative source ka relevant link add karo.,SEO Audit,,2026-08-21T04:09:27Z
low,SEO,https://engineerwala.com/what-is-drilling/,No external references,Technical ya factual claims ke liye zarurat par authoritative source ka relevant link add karo.,SEO Audit,,2026-08-21T04:09:27Z
low,SEO,https://engineerwala.com/what-is-piston/,No external references,Technical ya factual claims ke liye zarurat par authoritative source ka relevant link add karo.,SEO Audit,,2026-08-21T04:09:27Z
low,SEO,https://engineerwala.com/which-side-is-the-brake/,No external references,Technical ya factual claims ke liye zarurat par authoritative source ka relevant link add karo.,SEO Audit,,2026-08-21T04:09:27Z
