page,current_clicks,previous_clicks,clicks_change,clicks_change_percent,current_impressions,previous_impressions,impressions_change,impressions_change_percent,current_ctr_percent,previous_ctr_percent,ctr_change_points,current_position,previous_position,position_change
https://engineerwala.com/types-of-cars/,1.0,0.0,1.0,,5.0,9.0,-4.0,-44.44,20.0,0.0,20.0,1.8,1.0,0.8
https://engineerwala.com/basic-car-door-parts/,0.0,1.0,-1.0,-100.0,33.0,28.0,5.0,17.86,0.0,3.57,-3.57,19.36,30.25,-10.89
https://engineerwala.com/which-side-is-the-brake/,0.0,0.0,0.0,,6.0,3.0,3.0,100.0,0.0,0.0,0.0,2.5,10.67,-8.17
https://engineerwala.com/oil-in-spark-plug-well/,0.0,0.0,0.0,,5.0,1.0,4.0,400.0,0.0,0.0,0.0,39.8,3.0,36.8
https://engineerwala.com/basic-car-interior-parts-name/,0.0,0.0,0.0,,4.0,3.0,1.0,33.33,0.0,0.0,0.0,1.0,2.67,-1.67
https://engineerwala.com/about-us/,0.0,0.0,0.0,,3.0,1.0,2.0,200.0,0.0,0.0,0.0,6.33,4.0,2.33
https://engineerwala.com/contact-us/,0.0,0.0,0.0,,3.0,1.0,2.0,200.0,0.0,0.0,0.0,6.33,1.0,5.33
https://engineerwala.com/starter-relay-symptoms/,0.0,0.0,0.0,,2.0,1.0,1.0,100.0,0.0,0.0,0.0,7.5,10.0,-2.5
https://engineerwala.com/what-does-esp-bas-light-mean/,0.0,0.0,0.0,,2.0,5.0,-3.0,-60.0,0.0,0.0,0.0,40.5,42.0,-1.5
https://engineerwala.com/,0.0,0.0,0.0,,1.0,0.0,1.0,,0.0,0.0,0.0,10.0,0.0,10.0
https://engineerwala.com/alternator-overcharging/,0.0,0.0,0.0,,1.0,0.0,1.0,,0.0,0.0,0.0,2.0,0.0,2.0
https://engineerwala.com/disclaimer/,0.0,0.0,0.0,,1.0,1.0,0.0,0.0,0.0,0.0,0.0,8.0,8.0,0.0
https://engineerwala.com/milage-calculator/,0.0,0.0,0.0,,1.0,0.0,1.0,,0.0,0.0,0.0,3.0,0.0,3.0
https://engineerwala.com/page/5/,0.0,0.0,0.0,,1.0,0.0,1.0,,0.0,0.0,0.0,1.0,0.0,1.0
https://engineerwala.com/terms-and-conditions/,0.0,0.0,0.0,,1.0,0.0,1.0,,0.0,0.0,0.0,10.0,0.0,10.0
https://engineerwala.com/types-of-bolts/,0.0,0.0,0.0,,1.0,0.0,1.0,,0.0,0.0,0.0,6.0,0.0,6.0
https://engineerwala.com/bad-fuel-pump-symptoms/,0.0,0.0,0.0,,0.0,1.0,-1.0,-100.0,0.0,0.0,0.0,0.0,1.0,-1.0
https://engineerwala.com/bad-ignition-coil-symptoms/,0.0,0.0,0.0,,0.0,1.0,-1.0,-100.0,0.0,0.0,0.0,0.0,1.0,-1.0
https://engineerwala.com/battery-dead-symptoms/,0.0,0.0,0.0,,0.0,2.0,-2.0,-100.0,0.0,0.0,0.0,0.0,1.0,-1.0
https://engineerwala.com/brake-pedal-hard-causes/,0.0,0.0,0.0,,0.0,2.0,-2.0,-100.0,0.0,0.0,0.0,0.0,3.0,-3.0
https://engineerwala.com/car-key-stuck-in-ignition/,0.0,0.0,0.0,,0.0,1.0,-1.0,-100.0,0.0,0.0,0.0,0.0,9.0,-9.0
https://engineerwala.com/car-squeaks-when-reversing/,0.0,0.0,0.0,,0.0,2.0,-2.0,-100.0,0.0,0.0,0.0,0.0,18.5,-18.5
https://engineerwala.com/how-to-safely-disconnect-a-car-battery/,0.0,0.0,0.0,,0.0,1.0,-1.0,-100.0,0.0,0.0,0.0,0.0,1.0,-1.0
https://engineerwala.com/how-to-stop-car-windows-from-fogging-up/,0.0,0.0,0.0,,0.0,1.0,-1.0,-100.0,0.0,0.0,0.0,0.0,9.0,-9.0
https://engineerwala.com/what-is-dielectric-grease/,0.0,0.0,0.0,,0.0,1.0,-1.0,-100.0,0.0,0.0,0.0,0.0,2.0,-2.0
