url,index_status,verdict,coverage_state,robots_txt_state,indexing_state,page_fetch_state,last_crawl_time,google_canonical,user_canonical,crawled_as,sitemaps,inspection_result_link,checked_at,error
https://engineerwala.com/,Indexed,PASS,Submitted and indexed,ALLOWED,INDEXING_ALLOWED,SUCCESSFUL,2026-07-14T19:38:00Z,https://engineerwala.com/,https://engineerwala.com/,MOBILE,https://engineerwala.com/post-sitemap.xml,https://search.google.com/search-console/inspect?resource_id=https://engineerwala.com/&id=miFOKSZxbzkt0cYquviUsQ&utm_medium=link&utm_source=api,2026-09-30T09:47:51Z,
https://engineerwala.com/category/home-page/,Not indexed,NEUTRAL,URL is unknown to Google,ROBOTS_TXT_STATE_UNSPECIFIED,INDEXING_STATE_UNSPECIFIED,PAGE_FETCH_STATE_UNSPECIFIED,,,,UNKNOWN,,https://search.google.com/search-console/inspect?resource_id=https://engineerwala.com/&id=TJKxw1d4e3Uz9ib_2QDo8Q&utm_medium=link&utm_source=api,2026-09-30T09:47:57Z,
https://engineerwala.com/disclaimer/,Indexed,PASS,Submitted and indexed,ALLOWED,INDEXING_ALLOWED,SUCCESSFUL,2026-09-16T17:54:32Z,https://engineerwala.com/disclaimer/,https://engineerwala.com/disclaimer/,MOBILE,,https://search.google.com/search-console/inspect?resource_id=https://engineerwala.com/&id=nOWjIqKjKltcJ4fk5R1A_A&utm_medium=link&utm_source=api,2026-09-30T09:48:04Z,
https://engineerwala.com/category/materials/,Not indexed,NEUTRAL,URL is unknown to Google,ROBOTS_TXT_STATE_UNSPECIFIED,INDEXING_STATE_UNSPECIFIED,PAGE_FETCH_STATE_UNSPECIFIED,,,,UNKNOWN,,https://search.google.com/search-console/inspect?resource_id=https://engineerwala.com/&id=oAQV5jBbksans99dWC0Snw&utm_medium=link&utm_source=api,2026-09-30T09:48:10Z,
https://engineerwala.com/category/tools/,Not indexed,NEUTRAL,URL is unknown to Google,ROBOTS_TXT_STATE_UNSPECIFIED,INDEXING_STATE_UNSPECIFIED,PAGE_FETCH_STATE_UNSPECIFIED,,,,UNKNOWN,,https://search.google.com/search-console/inspect?resource_id=https://engineerwala.com/&id=J2JOgX2QtZrAfmRyqb0_Lw&utm_medium=link&utm_source=api,2026-09-30T09:48:17Z,
https://engineerwala.com/milage-calculator/,Indexed,PASS,Submitted and indexed,ALLOWED,INDEXING_ALLOWED,SUCCESSFUL,2026-08-22T10:41:34Z,https://engineerwala.com/milage-calculator/,https://engineerwala.com/milage-calculator/,MOBILE,,https://search.google.com/search-console/inspect?resource_id=https://engineerwala.com/&id=phZRTOhO_l_KMvL79CHYSA&utm_medium=link&utm_source=api,2026-09-30T09:48:23Z,
https://engineerwala.com/about-us/,Indexed,PASS,Submitted and indexed,ALLOWED,INDEXING_ALLOWED,SUCCESSFUL,2026-08-22T10:41:26Z,https://engineerwala.com/about-us/,https://engineerwala.com/about-us/,MOBILE,,https://search.google.com/search-console/inspect?resource_id=https://engineerwala.com/&id=O1B8jr27tmEGgBTUNzE5sQ&utm_medium=link&utm_source=api,2026-09-30T09:48:30Z,
https://engineerwala.com/category/automobile/,Not indexed,NEUTRAL,URL is unknown to Google,ROBOTS_TXT_STATE_UNSPECIFIED,INDEXING_STATE_UNSPECIFIED,PAGE_FETCH_STATE_UNSPECIFIED,,,,UNKNOWN,,https://search.google.com/search-console/inspect?resource_id=https://engineerwala.com/&id=RTC_5iMWgfiV7z2GTubfYg&utm_medium=link&utm_source=api,2026-09-30T09:48:36Z,
https://engineerwala.com/contact-us/,Indexed,PASS,Submitted and indexed,ALLOWED,INDEXING_ALLOWED,SUCCESSFUL,2026-08-22T10:41:53Z,https://engineerwala.com/contact-us/,https://engineerwala.com/contact-us/,MOBILE,,https://search.google.com/search-console/inspect?resource_id=https://engineerwala.com/&id=LvWcD45Q3t4aMBfU2G2ocw&utm_medium=link&utm_source=api,2026-09-30T09:48:43Z,
https://engineerwala.com/noise-when-turning-steering-wheel/,Indexed,PASS,Submitted and indexed,ALLOWED,INDEXING_ALLOWED,SUCCESSFUL,2026-08-22T09:05:00Z,https://engineerwala.com/noise-when-turning-steering-wheel/,https://engineerwala.com/noise-when-turning-steering-wheel/,MOBILE,,https://search.google.com/search-console/inspect?resource_id=https://engineerwala.com/&id=5y7SIRw0tETwNFSifBVbBA&utm_medium=link&utm_source=api,2026-09-30T09:48:49Z,
https://engineerwala.com/services/,Indexed,PASS,Submitted and indexed,ALLOWED,INDEXING_ALLOWED,SUCCESSFUL,2026-08-23T16:34:45Z,https://engineerwala.com/services/,https://engineerwala.com/services/,MOBILE,,https://search.google.com/search-console/inspect?resource_id=https://engineerwala.com/&id=YL2xg_x63deYI1E74qkABw&utm_medium=link&utm_source=api,2026-09-30T09:48:55Z,
https://engineerwala.com/bad-wheel-bearing-symptoms/,Indexed,PASS,Submitted and indexed,ALLOWED,INDEXING_ALLOWED,SUCCESSFUL,2026-08-23T14:57:20Z,https://engineerwala.com/bad-wheel-bearing-symptoms/,https://engineerwala.com/bad-wheel-bearing-symptoms/,MOBILE,https://engineerwala.com/post-sitemap.xml,https://search.google.com/search-console/inspect?resource_id=https://engineerwala.com/&id=rrCLySFgeLqh7Bgf2w5sXw&utm_medium=link&utm_source=api,2026-09-30T09:49:02Z,
https://engineerwala.com/brake-pedal-soft-causes/,Indexed,PASS,Submitted and indexed,ALLOWED,INDEXING_ALLOWED,SUCCESSFUL,2026-08-07T12:14:54Z,https://engineerwala.com/brake-pedal-soft-causes/,https://engineerwala.com/brake-pedal-soft-causes/,MOBILE,https://engineerwala.com/post-sitemap.xml,https://search.google.com/search-console/inspect?resource_id=https://engineerwala.com/&id=z0MRJwMq_K3NiPh5YP1_tw&utm_medium=link&utm_source=api,2026-09-30T09:49:08Z,
https://engineerwala.com/car-engine-parts/,Indexed,PASS,Submitted and indexed,ALLOWED,INDEXING_ALLOWED,SUCCESSFUL,2026-08-07T12:10:53Z,https://engineerwala.com/car-engine-parts/,https://engineerwala.com/car-engine-parts/,MOBILE,https://engineerwala.com/post-sitemap.xml,https://search.google.com/search-console/inspect?resource_id=https://engineerwala.com/&id=VFSXGa8b5PfpEGxoGV8-0Q&utm_medium=link&utm_source=api,2026-09-30T09:49:15Z,
https://engineerwala.com/terms-and-conditions/,Indexed,PASS,Submitted and indexed,ALLOWED,INDEXING_ALLOWED,SUCCESSFUL,2026-09-11T00:30:32Z,https://engineerwala.com/terms-and-conditions/,https://engineerwala.com/terms-and-conditions/,MOBILE,,https://search.google.com/search-console/inspect?resource_id=https://engineerwala.com/&id=xQhxznNBMbcIk6vRXCiwXg&utm_medium=link&utm_source=api,2026-09-30T09:49:21Z,
https://engineerwala.com/car-door-lock-parts/,Indexed,PASS,Submitted and indexed,ALLOWED,INDEXING_ALLOWED,SUCCESSFUL,2026-08-07T12:12:56Z,https://engineerwala.com/car-door-lock-parts/,https://engineerwala.com/car-door-lock-parts/,MOBILE,https://engineerwala.com/post-sitemap.xml,https://search.google.com/search-console/inspect?resource_id=https://engineerwala.com/&id=HZTbYdiDr324vFHD5sk9Hw&utm_medium=link&utm_source=api,2026-09-30T09:49:27Z,
https://engineerwala.com/privacy-policy/,Not indexed,NEUTRAL,URL is unknown to Google,ROBOTS_TXT_STATE_UNSPECIFIED,INDEXING_STATE_UNSPECIFIED,PAGE_FETCH_STATE_UNSPECIFIED,,,,UNKNOWN,,https://search.google.com/search-console/inspect?resource_id=https://engineerwala.com/&id=-EohmeacXJywqqJBk7WvWw&utm_medium=link&utm_source=api,2026-09-30T09:49:34Z,
https://engineerwala.com/basic-car-door-parts/,Indexed,PASS,Submitted and indexed,ALLOWED,INDEXING_ALLOWED,SUCCESSFUL,2026-09-15T01:24:45Z,https://engineerwala.com/basic-car-door-parts/,https://engineerwala.com/basic-car-door-parts/,MOBILE,https://engineerwala.com/post-sitemap.xml,https://search.google.com/search-console/inspect?resource_id=https://engineerwala.com/&id=BUMK451-WNsTNIA6W6R8_A&utm_medium=link&utm_source=api,2026-09-30T09:49:40Z,
https://engineerwala.com/types-of-cars/,Indexed,PASS,Submitted and indexed,ALLOWED,INDEXING_ALLOWED,SUCCESSFUL,2026-08-04T09:39:42Z,https://engineerwala.com/types-of-cars/,https://engineerwala.com/types-of-cars/,MOBILE,https://engineerwala.com/post-sitemap.xml,https://search.google.com/search-console/inspect?resource_id=https://engineerwala.com/&id=cHRtXTKpO7mCySs_PQcJSw&utm_medium=link&utm_source=api,2026-09-30T09:49:48Z,
https://engineerwala.com/basic-car-interior-parts-name/,Indexed,PASS,Submitted and indexed,ALLOWED,INDEXING_ALLOWED,SUCCESSFUL,2026-09-14T09:21:44Z,https://engineerwala.com/basic-car-interior-parts-name/,https://engineerwala.com/basic-car-interior-parts-name/,MOBILE,https://engineerwala.com/post-sitemap.xml,https://search.google.com/search-console/inspect?resource_id=https://engineerwala.com/&id=ETOyk1EgHR04lac7wHAdtw&utm_medium=link&utm_source=api,2026-09-30T09:49:54Z,
