url,source
https://engineerwala.com/,Sitemap
https://engineerwala.com/about-us/,WordPress Page
https://engineerwala.com/airbag-warning-light/,WordPress Post
https://engineerwala.com/alternator-overcharging/,WordPress Post
https://engineerwala.com/bad-catalytic-converter-symptoms/,WordPress Post
https://engineerwala.com/bad-fuel-pressure-regulator-symptoms/,WordPress Post
https://engineerwala.com/bad-fuel-pump-symptoms/,WordPress Post
https://engineerwala.com/bad-ignition-coil-symptoms/,WordPress Post
https://engineerwala.com/bad-rear-differential-symptoms/,WordPress Post
https://engineerwala.com/bad-spark-plug-symptoms/,WordPress Post
https://engineerwala.com/bad-wheel-bearing-symptoms/,WordPress Post
https://engineerwala.com/bank-1-vs-bank-2-meaning/,WordPress Post
https://engineerwala.com/basic-car-door-parts/,WordPress Post
https://engineerwala.com/basic-car-interior-parts-name/,WordPress Post
https://engineerwala.com/battery-dead-symptoms/,WordPress Post
https://engineerwala.com/battery-saver-active/,WordPress Post
https://engineerwala.com/black-smoke-from-exhaust/,WordPress Post
https://engineerwala.com/blown-head-gasket-symptoms/,WordPress Post
https://engineerwala.com/blue-smoke-from-exhaust/,WordPress Post
https://engineerwala.com/brake-pedal-hard-causes/,WordPress Post
https://engineerwala.com/brake-pedal-soft-causes/,WordPress Post
https://engineerwala.com/camshaft-position-sensor-symptoms/,WordPress Post
https://engineerwala.com/car-body-parts/,WordPress Post
https://engineerwala.com/car-engine-parts/,WordPress Post
https://engineerwala.com/car-key-stuck-in-ignition/,WordPress Post
https://engineerwala.com/car-not-starting/,WordPress Post
https://engineerwala.com/car-overheating-at-idle/,WordPress Post
https://engineerwala.com/car-pulling-to-one-side/,WordPress Post
https://engineerwala.com/car-shakes-at-idle/,WordPress Post
https://engineerwala.com/car-squeaks-when-reversing/,WordPress Post
https://engineerwala.com/car-wheel-parts/,WordPress Post
https://engineerwala.com/category/automobile/,Sitemap
https://engineerwala.com/category/home-page/,Sitemap
https://engineerwala.com/category/materials/,Sitemap
https://engineerwala.com/category/tools/,Sitemap
https://engineerwala.com/contact-us/,WordPress Page
https://engineerwala.com/coolant-disappearing-no-leak/,WordPress Post
https://engineerwala.com/crankshaft-position-sensor/,WordPress Post
https://engineerwala.com/cv-joint-noise-when-driving-straight/,WordPress Post
https://engineerwala.com/disclaimer/,WordPress Page
https://engineerwala.com/engine-knocking-when-accelerating/,WordPress Post
https://engineerwala.com/engine-misfire-symptoms/,WordPress Post
https://engineerwala.com/engine-overheating-causes/,WordPress Post
https://engineerwala.com/flashing-check-engine-light/,WordPress Post
https://engineerwala.com/how-to-find-car-mileage/,WordPress Post
https://engineerwala.com/how-to-get-smoke-smell-out-of-car/,WordPress Post
https://engineerwala.com/how-to-open-a-locked-car-door/,WordPress Post
https://engineerwala.com/how-to-stop-car-windows-from-fogging-up/,WordPress Post
https://engineerwala.com/keyless-remote-battery-low/,WordPress Post
https://engineerwala.com/milage-calculator/,WordPress Page
https://engineerwala.com/noise-when-braking-at-low-speed/,WordPress Post
https://engineerwala.com/noise-when-turning-steering-wheel/,WordPress Post
https://engineerwala.com/oil-in-coolant-reservoir/,WordPress Post
https://engineerwala.com/oil-in-spark-plug-well/,WordPress Post
https://engineerwala.com/p0420-code-meaning/,WordPress Post
https://engineerwala.com/parts-of-a-car/,WordPress Post
https://engineerwala.com/power-steering-fluid-leak/,WordPress Post
https://engineerwala.com/privacy-policy/,WordPress Page
https://engineerwala.com/service-battery-charging-system/,WordPress Post
https://engineerwala.com/service-brake-assist/,WordPress Post
https://engineerwala.com/service-stabilitrak/,WordPress Post
https://engineerwala.com/services/,WordPress Page
https://engineerwala.com/starter-relay-symptoms/,WordPress Post
https://engineerwala.com/steering-wheel-shaking-while-driving/,WordPress Post
https://engineerwala.com/terms-and-conditions/,WordPress Page
https://engineerwala.com/thermostat-stuck-closed-symptoms/,WordPress Post
https://engineerwala.com/tire-pressure-sensor-fault/,WordPress Post
https://engineerwala.com/types-of-bolts/,WordPress Post
https://engineerwala.com/types-of-cars/,WordPress Post
https://engineerwala.com/what-causes-bubbles-in-coolant-reservoir/,WordPress Post
https://engineerwala.com/what-does-esp-bas-light-mean/,WordPress Post
https://engineerwala.com/what-is-crankshaft/,WordPress Post
https://engineerwala.com/what-is-dielectric-grease/,WordPress Post
https://engineerwala.com/what-is-drilling/,WordPress Post
https://engineerwala.com/what-is-piston/,WordPress Post
https://engineerwala.com/which-side-is-the-brake/,WordPress Post
https://engineerwala.com/white-smoke-from-exhaust/,WordPress Post
